-- Отключаем проверку внешних ключей для безопасной очистки
SET REFERENTIAL_INTEGRITY FALSE;

-- === БЛОК ОЧИСТКИ ЗАКОММЕНТИРОВАН ===
-- Эти строки выполняются ТОЛЬКО если spring.sql.init.mode=always
-- Мы ставим mode=never, поэтому они не выполняются и данные сохраняются
-- Если хочешь сбросить базу — удали папку data/ вручную
--
-- DELETE FROM audit_logs;
-- DELETE FROM transactions;
-- DELETE FROM incomes;
-- DELETE FROM savings_goals;
-- DELETE FROM budget_plans;
-- DELETE FROM users;
-- DELETE FROM categories;
-- DELETE FROM families;

-- Сбрасываем автоинкременты (для H2) - выполняется только при первой инициализации
ALTER TABLE families ALTER COLUMN id RESTART WITH 1;
ALTER TABLE users ALTER COLUMN id RESTART WITH 1;
ALTER TABLE categories ALTER COLUMN id RESTART WITH 1;
ALTER TABLE budget_plans ALTER COLUMN id RESTART WITH 1;
ALTER TABLE transactions ALTER COLUMN id RESTART WITH 1;
ALTER TABLE incomes ALTER COLUMN id RESTART WITH 1;
ALTER TABLE savings_goals ALTER COLUMN id RESTART WITH 1;
ALTER TABLE audit_logs ALTER COLUMN id RESTART WITH 1;

-- Семья
INSERT INTO families (id, name) VALUES (1, 'Семья Ивановых');

-- Пользователи
-- Пароль для всех: 'admin' (BCrypt хэш)
INSERT INTO users (id, username, email, password_hash, role, display_name, family_id) VALUES
(1, 'admin', 'dad@family.ru', '$2a$10$5NIOEvVh6LL.lG7gUReId.CzsgUUazNxkO7y/rBlztjBOtdWyP98a', 'OWNER', 'Папа', 1),
(2, 'mom', 'mom@family.ru', '$2a$10$5NIOEvVh6LL.lG7gUReId.CzsgUUazNxkO7y/rBlztjBOtdWyP98a', 'MEMBER', 'Мама', 1),
(3, 'son', 'son@family.ru', '$2a$10$5NIOEvVh6LL.lG7gUReId.CzsgUUazNxkO7y/rBlztjBOtdWyP98a', 'MEMBER', 'Сын', 1),
(4, 'daughter', 'daughter@family.ru', '$2a$10$5NIOEvVh6LL.lG7gUReId.CzsgUUazNxkO7y/rBlztjBOtdWyP98a', 'MEMBER', 'Дочь', 1);

-- Категории
INSERT INTO categories (id, name, description) VALUES
(1, 'Продукты', 'Супермаркеты, рынки, доставка еды'),
(2, 'Транспорт', 'Бензин, такси, метро, ремонт авто'),
(3, 'Жилье', 'Аренда, ипотека, ЖКХ, интернет'),
(4, 'Развлечения', 'Кафе, кино, подписки, хобби'),
(5, 'Здоровье', 'Лекарства, врачи, спортзал, аптека'),
(6, 'Образование', 'Курсы, книги, репетиторы, школа');

-- Бюджетный план (Лимит на месяц)
INSERT INTO budget_plans (id, monthly_limit, family_id) VALUES (1, 120000.00, 1);

-- Цели накопления
INSERT INTO savings_goals (id, name, target_amount, current_amount, family_id) VALUES
(1, 'Отпуск на море', 150000.00, 45000.00, 1),
(2, 'Новый ноутбук', 80000.00, 12000.00, 1),
(3, 'Подушка безопасности', 300000.00, 85000.00, 1);

-- ==========================================
-- 2. ДОХОДЫ (Расширенная версия)
-- ==========================================

-- Ноябрь 2025
INSERT INTO incomes (amount, date, description, source, user_id) VALUES
(80000.00, TIMESTAMP '2025-11-10 10:00:00', 'Зарплата за октябрь', 'Зарплата', 1),
(45000.00, TIMESTAMP '2025-11-25 11:00:00', 'Зарплата за октябрь', 'Зарплата', 2),
(5000.00, TIMESTAMP '2025-11-15 14:00:00', 'Курьерская доставка', 'Подработка', 3),
(5000.00, TIMESTAMP '2025-11-28 10:00:00', 'Карманные деньги', 'Подарок', 4),
(5000.00, TIMESTAMP '2025-11-20 15:00:00', 'Премия за квартал', 'Премия', 1),
(2000.00, TIMESTAMP '2025-11-18 12:00:00', 'Продажа вещей на Авито', 'Прочее', 2);

-- Декабрь 2025
INSERT INTO incomes (amount, date, description, source, user_id) VALUES
(80000.00, TIMESTAMP '2025-12-10 10:00:00', 'Зарплата за ноябрь', 'Зарплата', 1),
(45000.00, TIMESTAMP '2025-12-25 11:00:00', 'Зарплата за ноябрь', 'Зарплата', 2),
(15000.00, TIMESTAMP '2025-12-28 12:00:00', 'Годовая премия', 'Премия', 1),
(3000.00, TIMESTAMP '2025-12-20 16:00:00', 'Подарок от бабушки', 'Подарок', 3),
(5000.00, TIMESTAMP '2025-12-25 10:00:00', 'Подарок на НГ', 'Подарок', 4),
(3000.00, TIMESTAMP '2025-12-15 14:00:00', 'Фриланс (верстка)', 'Фриланс', 2);

-- Январь 2026
INSERT INTO incomes (amount, date, description, source, user_id) VALUES
(80000.00, TIMESTAMP '2026-01-10 10:00:00', 'Зарплата за декабрь', 'Зарплата', 1),
(45000.00, TIMESTAMP '2026-01-25 11:00:00', 'Зарплата за декабрь', 'Зарплата', 2),
(2000.00, TIMESTAMP '2026-01-15 18:00:00', 'Продажа старых вещей', 'Прочее', 3),
(3000.00, TIMESTAMP '2026-01-20 15:00:00', 'Репетиторство', 'Фриланс', 4),
(2500.00, TIMESTAMP '2026-01-12 10:00:00', 'Кэшбэк за декабрь', 'Бонус', 2);

-- Февраль 2026
INSERT INTO incomes (amount, date, description, source, user_id) VALUES
(80000.00, TIMESTAMP '2026-02-10 10:00:00', 'Зарплата за январь', 'Зарплата', 1),
(45000.00, TIMESTAMP '2026-02-25 11:00:00', 'Зарплата за январь', 'Зарплата', 2),
(8000.00, TIMESTAMP '2026-02-14 12:00:00', 'Фриланс проект', 'Фриланс', 1),
(1000.00, TIMESTAMP '2026-02-10 15:00:00', 'Нашел кошелек (вернул)', 'Прочее', 3);

-- Март 2026
INSERT INTO incomes (amount, date, description, source, user_id) VALUES
(80000.00, TIMESTAMP '2026-03-10 10:00:00', 'Зарплата за февраль', 'Зарплата', 1),
(45000.00, TIMESTAMP '2026-03-25 11:00:00', 'Зарплата за февраль', 'Зарплата', 2),
(5000.00, TIMESTAMP '2026-03-08 15:00:00', 'Курьерская доставка', 'Подработка', 3),
(2000.00, TIMESTAMP '2026-03-15 12:00:00', 'Помощь по дому', 'Подработка', 4),
(4000.00, TIMESTAMP '2026-03-20 10:00:00', 'Налоговый вычет', 'Возврат', 1);

-- Апрель 2026
INSERT INTO incomes (amount, date, description, source, user_id) VALUES
(80000.00, TIMESTAMP '2026-04-10 10:00:00', 'Зарплата за март', 'Зарплата', 1),
(45000.00, TIMESTAMP '2026-04-25 11:00:00', 'Зарплата за март', 'Зарплата', 2),
(10000.00, TIMESTAMP '2026-04-15 14:00:00', 'Возврат долга', 'Возврат', 2),
(2000.00, TIMESTAMP '2026-04-12 15:00:00', 'Рисование на заказ', 'Фриланс', 4);


-- --- НОЯБРЬ 2025 ---
INSERT INTO transactions (amount, date, description, category_id, user_id) VALUES
(25000.00, TIMESTAMP '2025-11-01 09:00:00', 'Аренда квартиры', 3, 1),
(12500.00, TIMESTAMP '2025-11-05 14:30:00', 'Продукты на неделю', 1, 1),
(2500.00, TIMESTAMP '2025-11-07 18:00:00', 'Заправка авто', 2, 1),
(1500.00, TIMESTAMP '2025-11-10 20:00:00', 'Кинотеатр', 4, 2),
(8500.00, TIMESTAMP '2025-11-12 13:00:00', 'Продукты', 1, 2),
(3200.00, TIMESTAMP '2025-11-15 19:00:00', 'Такси', 2, 2),
(4500.00, TIMESTAMP '2025-11-18 12:00:00', 'Лекарства', 5, 2),
(1200.00, TIMESTAMP '2025-11-20 16:00:00', 'Обед в кафе', 4, 3),
(2800.00, TIMESTAMP '2025-11-22 11:00:00', 'Метро/Автобус', 2, 3),
(15000.00, TIMESTAMP '2025-11-25 10:00:00', 'Коммунальные услуги', 3, 1),
(5000.00, TIMESTAMP '2025-11-26 15:00:00', 'Продукты', 1, 1),
(3500.00, TIMESTAMP '2025-11-27 18:00:00', 'Ресторан', 4, 1),
(2000.00, TIMESTAMP '2025-11-28 12:00:00', 'Аптека', 5, 2),
(1500.00, TIMESTAMP '2025-11-29 14:00:00', 'Кофе с собой', 4, 3),
(800.00, TIMESTAMP '2025-11-30 10:00:00', 'Проездной', 2, 3),
(4200.00, TIMESTAMP '2025-11-08 16:00:00', 'Бытовая химия', 1, 2),
(1800.00, TIMESTAMP '2025-11-14 19:00:00', 'Пицца', 4, 3),
(6000.00, TIMESTAMP '2025-11-03 11:00:00', 'Интернет и ТВ', 3, 1),
(2200.00, TIMESTAMP '2025-11-19 13:00:00', 'Запчасти для велосипеда', 2, 3),
(3000.00, TIMESTAMP '2025-11-23 17:00:00', 'Подарок другу', 4, 1),
(3500.00, TIMESTAMP '2025-11-06 10:00:00', 'Косметика', 4, 2),
(1000.00, TIMESTAMP '2025-11-16 18:00:00', 'Игра в Steam', 4, 3),
(800.00, TIMESTAMP '2025-11-22 12:00:00', 'Канцтовары', 6, 4),
(2500.00, TIMESTAMP '2025-11-11 11:00:00', 'Обед с коллегами', 4, 1),
(1200.00, TIMESTAMP '2025-11-29 15:00:00', 'Мороженое', 1, 4);

-- --- ДЕКАБРЬ 2025 ---
INSERT INTO transactions (amount, date, description, category_id, user_id) VALUES
(25000.00, TIMESTAMP '2025-12-01 09:00:00', 'Аренда квартиры', 3, 1),
(18000.00, TIMESTAMP '2025-12-10 15:00:00', 'Закупка продуктов к НГ', 1, 1),
(3200.00, TIMESTAMP '2025-12-12 19:00:00', 'Такси', 2, 2),
(5000.00, TIMESTAMP '2025-12-15 12:00:00', 'Подарки родственникам', 4, 1),
(15000.00, TIMESTAMP '2025-12-20 10:00:00', 'Коммунальные услуги', 3, 1),
(8500.00, TIMESTAMP '2025-12-22 14:00:00', 'Продукты', 1, 2),
(2500.00, TIMESTAMP '2025-12-23 18:00:00', 'Заправка', 2, 1),
(1200.00, TIMESTAMP '2025-12-24 20:00:00', 'Кафе', 4, 3),
(4000.00, TIMESTAMP '2025-12-25 11:00:00', 'Лекарства', 5, 2),
(3000.00, TIMESTAMP '2025-12-26 16:00:00', 'Кино', 4, 3),
(1500.00, TIMESTAMP '2025-12-27 13:00:00', 'Обед', 4, 1),
(2800.00, TIMESTAMP '2025-12-28 10:00:00', 'Проезд', 2, 3),
(6000.00, TIMESTAMP '2025-12-05 11:00:00', 'Интернет', 3, 1),
(4500.00, TIMESTAMP '2025-12-08 15:00:00', 'Продукты', 1, 1),
(2000.00, TIMESTAMP '2025-12-14 19:00:00', 'Аптека', 5, 1),
(1800.00, TIMESTAMP '2025-12-18 12:00:00', 'Снеки', 1, 3),
(3500.00, TIMESTAMP '2025-12-21 17:00:00', 'Ресторан', 4, 2),
(2200.00, TIMESTAMP '2025-12-03 14:00:00', 'Такси', 2, 2),
(1500.00, TIMESTAMP '2025-12-07 10:00:00', 'Кофе', 4, 3),
(800.00, TIMESTAMP '2025-12-11 16:00:00', 'Метро', 2, 3),
(5000.00, TIMESTAMP '2025-12-16 11:00:00', 'Продукты', 1, 2),
(2500.00, TIMESTAMP '2025-12-19 18:00:00', 'Подарок коллеге', 4, 1),
(1500.00, TIMESTAMP '2025-12-26 14:00:00', 'Книги для школы', 6, 4),
(4000.00, TIMESTAMP '2025-12-22 18:00:00', 'Салон красоты', 4, 2),
(1200.00, TIMESTAMP '2025-12-15 15:00:00', 'Сладости', 1, 4),
(2000.00, TIMESTAMP '2025-12-02 10:00:00', 'Кофе и круассан', 4, 1);

-- --- ЯНВАРЬ 2026 ---
INSERT INTO transactions (amount, date, description, category_id, user_id) VALUES
(25000.00, TIMESTAMP '2026-01-01 09:00:00', 'Аренда квартиры', 3, 1),
(14200.00, TIMESTAMP '2026-01-08 16:00:00', 'Продукты после праздников', 1, 1),
(2800.00, TIMESTAMP '2026-01-10 11:00:00', 'Общественный транспорт', 2, 3),
(5000.00, TIMESTAMP '2026-01-12 18:30:00', 'Ресторан', 4, 1),
(15000.00, TIMESTAMP '2026-01-15 10:00:00', 'Коммунальные услуги', 3, 1),
(8500.00, TIMESTAMP '2026-01-18 14:00:00', 'Продукты', 1, 2),
(2500.00, TIMESTAMP '2026-01-20 19:00:00', 'Заправка', 2, 1),
(1200.00, TIMESTAMP '2026-01-22 20:00:00', 'Кафе', 4, 3),
(4000.00, TIMESTAMP '2026-01-24 11:00:00', 'Витамины', 5, 2),
(3000.00, TIMESTAMP '2026-01-26 16:00:00', 'Боулинг', 4, 3),
(1500.00, TIMESTAMP '2026-01-27 13:00:00', 'Обед', 4, 1),
(2800.00, TIMESTAMP '2026-01-28 10:00:00', 'Проезд', 2, 3),
(6000.00, TIMESTAMP '2026-01-05 11:00:00', 'Интернет', 3, 1),
(4500.00, TIMESTAMP '2026-01-07 15:00:00', 'Продукты', 1, 1),
(2000.00, TIMESTAMP '2026-01-14 19:00:00', 'Аптека', 5, 1),
(1800.00, TIMESTAMP '2026-01-17 12:00:00', 'Снеки', 1, 3),
(3500.00, TIMESTAMP '2026-01-21 17:00:00', 'Ресторан', 4, 2),
(2200.00, TIMESTAMP '2026-01-03 14:00:00', 'Такси', 2, 2),
(1500.00, TIMESTAMP '2026-01-09 10:00:00', 'Кофе', 4, 3),
(800.00, TIMESTAMP '2026-01-13 16:00:00', 'Метро', 2, 3),
(800.00, TIMESTAMP '2026-01-22 16:00:00', 'Мороженое', 1, 4),
(2500.00, TIMESTAMP '2026-01-19 12:00:00', 'Обед в столовой', 1, 1),
(1500.00, TIMESTAMP '2026-01-16 14:00:00', 'Маски для лица', 4, 2);

-- --- ФЕВРАЛЬ 2026 ---
INSERT INTO transactions (amount, date, description, category_id, user_id) VALUES
(25000.00, TIMESTAMP '2026-02-01 09:00:00', 'Аренда квартиры', 3, 1),
(13800.00, TIMESTAMP '2026-02-06 13:00:00', 'Продукты', 1, 2),
(1500.00, TIMESTAMP '2026-02-08 10:00:00', 'Абонемент в зал', 5, 3),
(8500.00, TIMESTAMP '2026-02-10 19:00:00', 'Онлайн курс Java', 6, 1),
(15000.00, TIMESTAMP '2026-02-15 10:00:00', 'Коммунальные услуги', 3, 1),
(8500.00, TIMESTAMP '2026-02-18 14:00:00', 'Продукты', 1, 2),
(2500.00, TIMESTAMP '2026-02-20 19:00:00', 'Заправка', 2, 1),
(1200.00, TIMESTAMP '2026-02-22 20:00:00', 'Кафе', 4, 3),
(4000.00, TIMESTAMP '2026-02-24 11:00:00', 'Стоматолог', 5, 2),
(3000.00, TIMESTAMP '2026-02-26 16:00:00', 'Кино', 4, 3),
(1500.00, TIMESTAMP '2026-02-27 13:00:00', 'Обед', 4, 1),
(2800.00, TIMESTAMP '2026-02-28 10:00:00', 'Проезд', 2, 3),
(6000.00, TIMESTAMP '2026-02-05 11:00:00', 'Интернет', 3, 1),
(4500.00, TIMESTAMP '2026-02-07 15:00:00', 'Продукты', 1, 1),
(2000.00, TIMESTAMP '2026-02-14 19:00:00', 'Подарок на 14 февраля', 4, 1),
(1800.00, TIMESTAMP '2026-02-17 12:00:00', 'Снеки', 1, 3),
(3500.00, TIMESTAMP '2026-02-21 17:00:00', 'Ресторан', 4, 2),
(2200.00, TIMESTAMP '2026-02-03 14:00:00', 'Такси', 2, 2),
(1500.00, TIMESTAMP '2026-02-09 10:00:00', 'Кофе', 4, 3),
(800.00, TIMESTAMP '2026-02-13 16:00:00', 'Метро', 2, 3),
(5000.00, TIMESTAMP '2026-02-16 11:00:00', 'Продукты', 1, 2),
(1200.00, TIMESTAMP '2026-02-14 13:00:00', 'Подарок маме', 4, 4),
(3000.00, TIMESTAMP '2026-02-11 18:00:00', 'Такси (поздно)', 2, 1),
(1500.00, TIMESTAMP '2026-02-19 14:00:00', 'Лаки для ногтей', 4, 2);

-- --- МАРТ 2026 ---
INSERT INTO transactions (amount, date, description, category_id, user_id) VALUES
(25000.00, TIMESTAMP '2026-03-01 09:00:00', 'Аренда квартиры', 3, 1),
(16200.00, TIMESTAMP '2026-03-07 15:00:00', 'Продукты', 1, 1),
(2200.00, TIMESTAMP '2026-03-10 12:00:00', 'Такси', 2, 2),
(3500.00, TIMESTAMP '2026-03-12 17:00:00', 'Подарок на 8 марта', 4, 3),
(15000.00, TIMESTAMP '2026-03-15 10:00:00', 'Коммунальные услуги', 3, 1),
(8500.00, TIMESTAMP '2026-03-18 14:00:00', 'Продукты', 1, 2),
(2500.00, TIMESTAMP '2026-03-20 19:00:00', 'Заправка', 2, 1),
(1200.00, TIMESTAMP '2026-03-22 20:00:00', 'Кафе', 4, 3),
(4000.00, TIMESTAMP '2026-03-24 11:00:00', 'Лекарства', 5, 2),
(3000.00, TIMESTAMP '2026-03-26 16:00:00', 'Театр', 4, 1),
(1500.00, TIMESTAMP '2026-03-27 13:00:00', 'Обед', 4, 3),
(2800.00, TIMESTAMP '2026-03-28 10:00:00', 'Проезд', 2, 3),
(6000.00, TIMESTAMP '2026-03-05 11:00:00', 'Интернет', 3, 1),
(4500.00, TIMESTAMP '2026-03-08 15:00:00', 'Продукты', 1, 1),
(2000.00, TIMESTAMP '2026-03-14 19:00:00', 'Аптека', 5, 1),
(1800.00, TIMESTAMP '2026-03-17 12:00:00', 'Снеки', 1, 3),
(3500.00, TIMESTAMP '2026-03-21 17:00:00', 'Ресторан', 4, 2),
(2200.00, TIMESTAMP '2026-03-03 14:00:00', 'Такси', 2, 2),
(1500.00, TIMESTAMP '2026-03-09 10:00:00', 'Кофе', 4, 3),
(800.00, TIMESTAMP '2026-03-13 16:00:00', 'Метро', 2, 3),
(2500.00, TIMESTAMP '2026-03-18 11:00:00', 'Курсы рисования', 6, 4),
(1800.00, TIMESTAMP '2026-03-04 10:00:00', 'Цветы жене', 4, 1),
(2000.00, TIMESTAMP '2026-03-25 15:00:00', 'Кофе с подругой', 4, 2);

-- --- АПРЕЛЬ 2026 ---
INSERT INTO transactions (amount, date, description, category_id, user_id) VALUES
(25000.00, TIMESTAMP '2026-04-01 09:00:00', 'Аренда квартиры', 3, 1),
(13500.00, TIMESTAMP '2026-04-05 14:00:00', 'Продукты', 1, 1),
(2900.00, TIMESTAMP '2026-04-08 18:00:00', 'Бензин', 2, 1),
(4200.00, TIMESTAMP '2026-04-10 12:30:00', 'Кафе с друзьями', 4, 2),
(15000.00, TIMESTAMP '2026-04-15 10:00:00', 'Коммунальные услуги', 3, 1),
(8500.00, TIMESTAMP '2026-04-18 14:00:00', 'Продукты', 1, 2),
(2500.00, TIMESTAMP '2026-04-20 19:00:00', 'Заправка', 2, 1),
(1200.00, TIMESTAMP '2026-04-22 20:00:00', 'Кафе', 4, 3),
(4000.00, TIMESTAMP '2026-04-24 11:00:00', 'Лекарства', 5, 2),
(3000.00, TIMESTAMP '2026-04-26 16:00:00', 'Кино', 4, 3),
(1500.00, TIMESTAMP '2026-04-27 13:00:00', 'Обед', 4, 1),
(2800.00, TIMESTAMP '2026-04-28 10:00:00', 'Проезд', 2, 3),
(6000.00, TIMESTAMP '2026-04-05 11:00:00', 'Интернет', 3, 1),
(4500.00, TIMESTAMP '2026-04-07 15:00:00', 'Продукты', 1, 1),
(2000.00, TIMESTAMP '2026-04-14 19:00:00', 'Аптека', 5, 1),
(1800.00, TIMESTAMP '2026-04-17 12:00:00', 'Снеки', 1, 3),
(3500.00, TIMESTAMP '2026-04-21 17:00:00', 'Ресторан', 4, 2),
(2200.00, TIMESTAMP '2026-04-03 14:00:00', 'Такси', 2, 2),
(1500.00, TIMESTAMP '2026-04-09 10:00:00', 'Кофе', 4, 3),
(800.00, TIMESTAMP '2026-04-13 16:00:00', 'Метро', 2, 3),
(600.00, TIMESTAMP '2026-04-12 15:00:00', 'Сладости', 1, 4),
(1500.00, TIMESTAMP '2026-04-11 14:00:00', 'Парк развлечений', 4, 4),
(3000.00, TIMESTAMP '2026-04-06 18:00:00', 'Шиномонтаж', 2, 1),
(1000.00, TIMESTAMP '2026-04-19 12:00:00', 'Вода питьевая', 1, 1);


ALTER TABLE users ALTER COLUMN id RESTART WITH 5;
ALTER TABLE savings_goals ALTER COLUMN id RESTART WITH 4;
ALTER TABLE incomes ALTER COLUMN id RESTART WITH 50;
ALTER TABLE transactions ALTER COLUMN id RESTART WITH 200;

-- Включаем проверку внешних ключей обратно
SET REFERENTIAL_INTEGRITY TRUE;